天气之子	,爱情／动画／奇幻	,2019-11-01	
误杀	,爱情／动画／奇幻	,2019-11-01	
唐人街探案2	,爱情／动画／奇幻	,2019-11-01	
哪吒之魔童降世	,爱情／动画／奇幻	,2019-11-01	
少年的你	,爱情／动画／奇幻	,2019-11-01	
哥斯拉2：怪兽之王	,爱情／动画／奇幻	,2019-11-01	
毒液2	,爱情／动画／奇幻	,2019-11-01	
战狼2	,爱情／动画／奇幻	,2019-11-01	
吹哨人	,爱情／动画／奇幻	,2019-11-01	
恐怖电影院2	,爱情／动画／奇幻	,2019-11-01	
野性的呼唤	,爱情／动画／奇幻	,2019-11-01	
复仇者联盟4：终局之战	,爱情／动画／奇幻	,2019-11-01	
火箭少女101飞行演唱会*广州站	,爱情／动画／奇幻	,2019-11-01	
冰雪奇缘2	,爱情／动画／奇幻	,2019-11-01	
疯狂的外星人	,爱情／动画／奇幻	,2019-11-01	
活着	,爱情／动画／奇幻	,2019-11-01	
中国机长	,爱情／动画／奇幻	,2019-11-01	
两只老虎	,爱情／动画／奇幻	,2019-11-01	
釜山行	,爱情／动画／奇幻	,2019-11-01	
流浪地球	,爱情／动画／奇幻	,2019-11-01	
囧妈	,爱情／动画／奇幻	,2019-11-01	
速度与激情：增压	,爱情／动画／奇幻	,2019-11-01	
星球大战：天行者崛起	,爱情／动画／奇幻	,2019-11-01	
我和我的祖国	,爱情／动画／奇幻	,2019-11-01	
数码宝贝大冒险：最后的进化·羁绊	,爱情／动画／奇幻	,2019-11-01	
最美逆行	,爱情／动画／奇幻	,2019-11-01	
泰迦奥特曼剧场版 新世代CLIMAX	,爱情／动画／奇幻	,2019-11-01	
因爱而伟大	,爱情／动画／奇幻	,2019-11-01	
蜘蛛侠：英雄远征	,爱情／动画／奇幻	,2019-11-01	
南方车站的聚会	,爱情／动画／奇幻	,2019-11-01	
家有喜事2020	,喜剧	,2020-01-25	
奇门遁甲	,喜剧	,2020-01-25	
未来想象记	,喜剧	,2020-01-25	
建国大业	,喜剧	,2020-01-25	
阿凡达	,喜剧	,2020-01-25	
光天化日	,喜剧	,2020-01-25	
美国队长3	,喜剧	,2020-01-25	
被光抓走的人	,喜剧	,2020-01-25	
海王	,喜剧	,2020-01-25	
万达，残暴的催眠师	,喜剧	,2020-01-25	
钢铁侠3	,喜剧	,2020-01-25	
真·三国无双	,喜剧	,2020-01-25	
蝙蝠侠：黑暗骑士	,喜剧	,2020-01-25	
扫毒2天地对决	,剧情／动作／悬疑／犯罪	,2019-07-05	
白蛇：缘起	,剧情／动作／悬疑／犯罪	,2019-07-05	
反贪风暴4	,剧情／动作／悬疑／犯罪	,2019-07-05	
小丑	,剧情／动作／悬疑／犯罪	,2019-07-05	
大话西游之大圣娶亲	,喜剧／爱情／奇幻／古装	,2014-10-24	
变身特工	,喜剧／爱情／奇幻／古装	,2014-10-24	
肖申克的救赎	,喜剧／爱情／奇幻／古装	,2014-10-24	
命运之夜 无限剑制 Sunny Day	,喜剧／爱情／奇幻／古装	,2014-10-24	
变形金刚5：最后的骑士	,喜剧	,2020-01-25	
乘风破浪	,喜剧	,2020-01-25	
泰坦尼克号	,喜剧	,2020-01-25	
鬼片王之再现凶榜	,喜剧	,2020-01-25	
寒战3	,喜剧	,2020-01-25	
世界最大的影视城: 横店影视城	,纪录片	,2007-09-01	
罗小黑战记	,纪录片	,2007-09-01	
“大”人物	,纪录片	,2007-09-01	
速度与激情：特别行动	,动作／惊悚／犯罪	,2019-08-23	
攀登者	,动作／惊悚／犯罪	,2019-08-23	
烈火英雄	,动作／惊悚／犯罪	,2019-08-23	
大赢家	,动作／惊悚／犯罪	,2019-08-23	
使徒行者2：谍影行动	,剧情／动作／犯罪	,2019-08-07	
让子弹飞	,剧情／动作／犯罪	,2019-08-07	
寻梦环游记	,剧情／动作／犯罪	,2019-08-07	
银河补习班	,剧情／动作／悬疑／犯罪	,2019-07-05	
毒液：致命守护者	,剧情／动作／悬疑／犯罪	,2019-07-05	
战狼三级班	,剧情／动作／悬疑／犯罪	,2019-07-05	
羞辱	,剧情／动作／悬疑／犯罪	,2019-07-05	
美人鱼	,剧情／动作／悬疑／犯罪	,2019-07-05	
摔跤吧！爸爸	,喜剧／爱情／奇幻／古装	,2014-10-24	
扫毒	,喜剧／爱情／奇幻／古装	,2014-10-24	
第一滴血5：最后的血	,喜剧／爱情／奇幻／古装	,2014-10-24	
环太平洋	,喜剧／爱情／奇幻／古装	,2014-10-24	
功夫	,喜剧／爱情／奇幻／古装	,2014-10-24	
哪吒2	,喜剧	,2020-01-25	
智齿	,喜剧	,2020-01-25	
金刚狼3：殊死一战	,喜剧	,2020-01-25	
灭狐行动	,喜剧	,2020-01-25	
阿特米斯的奇幻历险	,喜剧	,2020-01-25	
何以为家	,纪录片	,2007-09-01	
无双	,纪录片	,2007-09-01	
末日崩塌	,纪录片	,2007-09-01	
寄生虫	,纪录片	,2007-09-01	
你的名字。	,动作／惊悚／犯罪	,2019-08-23	
大鱼海棠2	,动作／惊悚／犯罪	,2019-08-23	
反贪风暴5	,动作／惊悚／犯罪	,2019-08-23	
新世纪福音战士新剧场版：终	,动作／惊悚／犯罪	,2019-08-23	
冰雪奇缘	,剧情／动作／犯罪	,2019-08-07	
惊悚	,剧情／动作／犯罪	,2019-08-07	
紫罗兰永恒花园	,剧情／动作／犯罪	,2019-08-07	
妖猫传	,剧情／动作／犯罪	,2019-08-07	
大侦探皮卡丘	,剧情／动作／犯罪	,2019-08-07	
我非英雄	,剧情／动作／悬疑／犯罪	,2019-07-05	
复仇者联盟3：无限战争	,剧情／动作／悬疑／犯罪	,2019-07-05	
变形金刚7	,剧情／动作／悬疑／犯罪	,2019-07-05	
报告老师！怪怪怪怪物！	,剧情／动作／悬疑／犯罪	,2019-07-05	
同人哆啦A梦：大雄的喜马拉雅行进记	,喜剧／爱情／奇幻／古装	,2014-10-24	
地久天长	,喜剧／爱情／奇幻／古装	,2014-10-24	
野性的呼唤：育空的狗	,喜剧／爱情／奇幻／古装	,2014-10-24	
变形金刚4：绝迹重生	,喜剧／爱情／奇幻／古装	,2014-10-24	
哈利·波特与死亡圣器（下）	,喜剧	,2020-01-25	
快把我哥带走	,喜剧	,2020-01-25	
黑帮大佬和我的365日	,喜剧	,2020-01-25	
半个喜剧	,喜剧	,2020-01-25	
蜘蛛侠：英雄归来	,喜剧	,2020-01-25	
冰海陷落	,纪录片	,2007-09-01	
看不见的客人	,纪录片	,2007-09-01	
新世纪福音战士：真人版	,纪录片	,2007-09-01	
我的爸爸是森林之王Ⅱ	,纪录片	,2007-09-01	
电影 Smile 光之美少女! 儿童图画书里的世界都不协调！	,纪录片	,2007-09-01	
胖子行动队	,纪录片	,2007-09-01	
小黄人大眼萌：神偷奶爸前传	,喜剧／动画	,2021-07-02	
最好的我们	,喜剧／动画	,2021-07-02	
诛仙1	,喜剧／动画	,2021-07-02	
疯狂动物城	,喜剧／动画	,2021-07-02	
叶问4：完结篇	,动作／惊悚／犯罪	,2019-08-23	
鬼灭之刃 兄妹的羁绊	,动作／惊悚／犯罪	,2019-08-23	
我不是药神	,动作／惊悚／犯罪	,2019-08-23	
熊出没·原始时代	,动作／惊悚／犯罪	,2019-08-23	
宠爱	,动作／惊悚／犯罪	,2019-08-23	
银翼杀手2049	,剧情／动作／犯罪	,2019-08-07	
盗梦空间	,剧情／动作／犯罪	,2019-08-07	
终结者：黑暗命运	,剧情／动作／犯罪	,2019-08-07	
蜡笔小新：激战！涂鸦王国和约四位勇士	,剧情／动作／犯罪	,2019-08-07	
哈利·波特禁忌之旅	,剧情／动作／犯罪	,2019-08-07	
名侦探柯南：绀青之拳	,剧情／动作／悬疑／犯罪	,2019-07-05	
动物世界	,剧情／动作／悬疑／犯罪	,2019-07-05	
老师·好	,剧情／动作／悬疑／犯罪	,2019-07-05	
路人女主的养成方法 剧场版	,剧情／动作／悬疑／犯罪	,2019-07-05	
新喜剧之王	,剧情／动作／悬疑／犯罪	,2019-07-05	
猛禽小队和哈莉·奎茵	,喜剧／爱情／奇幻／古装	,2014-10-24	
哥斯拉	,喜剧／爱情／奇幻／古装	,2014-10-24	
爵迹	,喜剧／爱情／奇幻／古装	,2014-10-24	
小花仙大电影：奇迹少女	,喜剧／爱情／奇幻／古装	,2014-10-24	
星球大战：最后的绝地武士	,喜剧／爱情／奇幻／古装	,2014-10-24	
复仇者联盟	,喜剧	,2020-01-25	
绿皮书	,喜剧	,2020-01-25	
正义联盟	,纪录片	,2007-09-01	
风中有朵雨做的云	,纪录片	,2007-09-01	
人再囧途之泰囧	,纪录片	,2007-09-01	
王牌特工2：黄金圈	,纪录片	,2007-09-01	
惊奇队长	,纪录片	,2007-09-01	
封神传奇	,纪录片	,2007-09-01	
当幸福来敲门	,喜剧／动画	,2021-07-02	
羞羞的铁拳	,喜剧／动画	,2021-07-02	
泰坦尼克号3D	,喜剧／动画	,2021-07-02	
名侦探柯南特典：怪盗基德诞生的秘密	,喜剧／动画	,2021-07-02	
湄公河行动	,喜剧／动画	,2021-07-02	
紫罗兰永恒花园 外传：永远与自动手记人偶	,动作／惊悚／犯罪	,2019-08-23	
航海王：狂热行动	,动作／惊悚／犯罪	,2019-08-23	
速度与激情8	,动作／惊悚／犯罪	,2019-08-23	
大鱼海棠	,动作／惊悚／犯罪	,2019-08-23	
千与千寻	,动作／惊悚／犯罪	,2019-08-23	
前任3：再见前任	,动作／惊悚／犯罪	,2019-08-23	
加勒比海盗5：死无对证	,剧情／动作／犯罪	,2019-08-07	
熊出没的开垦地	,剧情／动作／犯罪	,2019-08-07	
拆弹·专家	,剧情／动作／犯罪	,2019-08-07	
利刃出鞘	,剧情／动作／犯罪	,2019-08-07	
饥饿站台	,剧情／动作／犯罪	,2019-08-07	
唐山大地震	,剧情／动作／悬疑／犯罪	,2019-07-05	
命运之夜——天之杯II ：迷失之蝶	,剧情／动作／悬疑／犯罪	,2019-07-05	
纽约唐人街碎尸案	,剧情／动作／悬疑／犯罪	,2019-07-05	
速度与激情7	,剧情／动作／悬疑／犯罪	,2019-07-05	
无名之辈	,剧情／动作／悬疑／犯罪	,2019-07-05	
大话西游之月光宝盒	,喜剧／爱情／奇幻／古装	,2014-10-24	
X战警：黑凤凰	,喜剧／爱情／奇幻／古装	,2014-10-24	
若能与你共乘海浪之上	,喜剧／爱情／奇幻／古装	,2014-10-24	
危城	,喜剧／爱情／奇幻／古装	,2014-10-24	
大黄蜂	,喜剧／爱情／奇幻／古装	,2014-10-24	
我想吃掉你的胰脏	,喜剧／爱情／奇幻／古装	,2014-10-24	
鬼话怪谈·祥云寺	,纪录片	,2007-09-01	
盗爱空间之私人电影	,纪录片	,2007-09-01	
乐高蜘蛛侠：缠人的毒液	,纪录片	,2007-09-01	
平凡老爸	,纪录片	,2007-09-01	
悲伤逆流成河	,纪录片	,2007-09-01	
比悲伤更悲伤的故事	,喜剧／动画	,2021-07-02	
小人物	,喜剧／动画	,2021-07-02	
逃出绝命镇	,喜剧／动画	,2021-07-02	
侏罗纪世界2	,喜剧／动画	,2021-07-02	
追龙Ⅱ	,喜剧／动画	,2021-07-02	
西虹市首富	,动作／惊悚／犯罪	,2019-08-23	
明日战记	,动作／惊悚／犯罪	,2019-08-23	
与神同行：罪与罚	,动作／惊悚／犯罪	,2019-08-23	
红海行动	,动作／惊悚／犯罪	,2019-08-23	
陀地驱魔人	,动作／惊悚／犯罪	,2019-08-23	
追龙	,剧情／动作／犯罪	,2019-08-07	
惊天营救	,剧情／动作／犯罪	,2019-08-07	
熊出没·变形记	,剧情／动作／犯罪	,2019-08-07	
天堂电影院	,剧情／动作／犯罪	,2019-08-07	
小丑回魂2	,剧情／动作／犯罪	,2019-08-07	
蝙蝠侠：黑暗骑士崛起	,剧情／动作／犯罪	,2019-08-07	
江湖儿女	,剧情／动作／悬疑／犯罪	,2019-07-05	
麦路人	,剧情／动作／悬疑／犯罪	,2019-07-05	
沉睡魔咒2	,剧情／动作／悬疑／犯罪	,2019-07-05	
上海堡垒	,剧情／动作／悬疑／犯罪	,2019-07-05	
哆啦A梦：大雄的新恐龙	,剧情／动作／悬疑／犯罪	,2019-07-05	
海市蜃楼	,喜剧／爱情／奇幻／古装	,2014-10-24	
碟中谍6：全面瓦解	,喜剧／爱情／奇幻／古装	,2014-10-24	
名侦探柯南 十年后的陌生人	,喜剧／爱情／奇幻／古装	,2014-10-24	
僵尸世界大战	,喜剧／爱情／奇幻／古装	,2014-10-24	
命运之夜——天之杯：恶兆之花	,喜剧／爱情／奇幻／古装	,2014-10-24	
最伟大的美国恐怖片	,恐怖／犯罪	,2004-10	
叶问3	,恐怖／犯罪	,2004-10	
巨齿鲨	,恐怖／犯罪	,2004-10	
熊出没之雪岭熊风	,纪录片	,2007-09-01	
神奇女侠	,纪录片	,2007-09-01	
美丽人生	,纪录片	,2007-09-01	
蝙蝠侠大战超人：正义黎明	,纪录片	,2007-09-01	
环太平洋：雷霆再起	,喜剧／动画	,2021-07-02	
误杀瞒天记	,喜剧／动画	,2021-07-02	
野性的呼唤	,喜剧／动画	,2021-07-02	
儿童警察 电影版	,喜剧／动画	,2021-07-02	
角头2：王者再起	,喜剧／动画	,2021-07-02	
泰迦奥特曼剧场版 新世代CLIMAX	,动作／惊悚／犯罪	,2019-08-23	
建军大业	,动作／惊悚／犯罪	,2019-08-23	
知晓天空之蓝的人啊	,动作／惊悚／犯罪	,2019-08-23	
画壁	,动作／惊悚／犯罪	,2019-08-23	
战神诀	,动作／惊悚／犯罪	,2019-08-23	
午夜0时的吻	,动作／惊悚／犯罪	,2019-08-23	
三少爷的剑	,剧情／动作／犯罪	,2019-08-07	
从你的全世界路过	,剧情／动作／犯罪	,2019-08-07	
与神同行2：因与缘	,剧情／动作／犯罪	,2019-08-07	
怦然心动	,剧情／动作／犯罪	,2019-08-07	
狄仁杰之四大天王	,剧情／动作／犯罪	,2019-08-07	
后来的我们	,剧情／动作／悬疑／犯罪	,2019-07-05	
大约在冬季	,剧情／动作／悬疑／犯罪	,2019-07-05	
狐踪谍影	,喜剧／爱情／奇幻／古装	,2014-10-24	
勇敢者游戏2：再战巅峰	,恐怖／犯罪	,2004-10	
调音师	,恐怖／犯罪	,2004-10	
受益人	,恐怖／犯罪	,2004-10	
扫毒3	,恐怖／犯罪	,2004-10	
自杀小队	,恐怖／犯罪	,2004-10	
霸王别姬	,恐怖／犯罪	,2004-10	
西游记女儿国	,纪录片	,2007-09-01	
老千2：神之手	,纪录片	,2007-09-01	
芳华	,喜剧／动画	,2021-07-02	
飞驰人生	,喜剧／动画	,2021-07-02	
盗墓笔记	,喜剧／动画	,2021-07-02	
下一任：前任	,喜剧／动画	,2021-07-02	
狮子王	,喜剧／动画	,2021-07-02	
速度与激情6	,剧情／动作／犯罪	,2019-08-07	
蜘蛛侠：迷失复仇者	,喜剧／短片	,2015-10-29	
头号玩家	,喜剧／短片	,2015-10-29	
驴得水	,喜剧／短片	,2015-10-29	
牧马人	,喜剧／短片	,2015-10-29	
决战中途岛	,恐怖／犯罪	,2004-10	
加勒比海盗4：惊涛怪浪	,恐怖／犯罪	,2004-10	
我的爸爸是森林之王	,恐怖／犯罪	,2004-10	
犯罪现场	,恐怖／犯罪	,2004-10	
疯狂进化人	,恐怖／犯罪	,2004-10	
隐形人	,恐怖／犯罪	,2004-10	
钢铁侠4	,喜剧／动画	,2021-07-02	
老炮儿	,喜剧／动画	,2021-07-02	
一出好戏	,喜剧／动画	,2021-07-02	
阿丽塔：战斗天使	,喜剧／动画	,2021-07-02	
王牌特工：特工学院	,喜剧／动画	,2021-07-02	
负重前行	,喜剧／短片	,2015-10-29	
儿童电影史话	,喜剧／短片	,2015-10-29	
侏罗纪世界	,喜剧／短片	,2015-10-29	
密室逃生	,喜剧／短片	,2015-10-29	
灰猎犬号	,恐怖／犯罪	,2004-10	
漫威影业：宇宙集结	,恐怖／犯罪	,2004-10	
捉妖记2	,恐怖／犯罪	,2004-10	
长江七号	,恐怖／犯罪	,2004-10	
名侦探柯南OVA11：来自伦敦的秘密指令	,恐怖／犯罪	,2004-10	
复仇者联盟2：奥创纪元	,喜剧／动画	,2021-07-02	
画皮2	,喜剧／短片	,2015-10-29	
变形金刚3	,喜剧／短片	,2015-10-29	
全职高手之巅峰荣耀	,喜剧／短片	,2015-10-29	
帕克	,喜剧／短片	,2015-10-29	
活着	,喜剧／短片	,2015-10-29	
路人女主的养成方法 Fine	,喜剧／短片	,2015-10-29	
只有芸知道	,恐怖／犯罪	,2004-10	
缝纫机乐队	,恐怖／犯罪	,2004-10	
海上钢琴师	,恐怖／犯罪	,2004-10	
变形金刚	,恐怖／犯罪	,2004-10	
倩女幽魂	,恐怖／犯罪	,2004-10	
天上再见	,喜剧／短片	,2015-10-29	
名侦探柯南：零的执行人	,喜剧／短片	,2015-10-29	
生化危机：终章	,喜剧／短片	,2015-10-29	
长城	,喜剧／短片	,2015-10-29	
死侍	,喜剧／短片	,2015-10-29	
非凡任务	,恐怖／犯罪	,2004-10	
京剧猫：霸王折	,恐怖／犯罪	,2004-10	
寂静之地	,恐怖／犯罪	,2004-10	
卢旺达饭店	,恐怖／犯罪	,2004-10	
熊出没·奇幻空间	,恐怖／犯罪	,2004-10	
超凡蜘蛛侠2	,喜剧／短片	,2015-10-29	
魁拔V	,喜剧／短片	,2015-10-29	
画皮	,喜剧／短片	,2015-10-29	
玩具总动员4	,喜剧／短片	,2015-10-29	
哥斯拉大战机械哥斯拉	,喜剧／短片	,2015-10-29	
移情大师	,喜剧／短片	,2015-10-29	
西游·降魔篇	,喜剧／短片	,2015-10-29	
龙猫	,喜剧／短片	,2015-10-29	
暗战	,喜剧／短片	,2015-10-29	
请以你的名字呼唤我	,喜剧／短片	,2015-10-29	
钢铁侠	,喜剧／短片	,2015-10-29	
天气之子,爱情／动画／奇幻,2019-11-01
误杀,爱情／动画／奇幻,2019-11-01
唐人街探案2,爱情／动画／奇幻,2019-11-01
活着,爱情／动画／奇幻,2019-11-01
哪吒之魔童降世,爱情／动画／奇幻,2019-11-01
少年的你,爱情／动画／奇幻,2019-11-01
战狼2,爱情／动画／奇幻,2019-11-01
毒液2,爱情／动画／奇幻,2019-11-01
恐怖电影院2,爱情／动画／奇幻,2019-11-01
哥斯拉2：怪兽之王,爱情／动画／奇幻,2019-11-01
吹哨人,爱情／动画／奇幻,2019-11-01
复仇者联盟4：终局之战,爱情／动画／奇幻,2019-11-01
我和我的祖国,爱情／动画／奇幻,2019-11-01
野性的呼唤,爱情／动画／奇幻,2019-11-01
冰雪奇缘2,爱情／动画／奇幻,2019-11-01
流浪地球,爱情／动画／奇幻,2019-11-01
疯狂的外星人,爱情／动画／奇幻,2019-11-01
诛仙1,爱情／动画／奇幻,2019-11-01
最美逆行,爱情／动画／奇幻,2019-11-01
中国机长,爱情／动画／奇幻,2019-11-01
因爱而伟大,爱情／动画／奇幻,2019-11-01
数码宝贝大冒险：最后的进化·羁绊,爱情／动画／奇幻,2019-11-01
釜山行,爱情／动画／奇幻,2019-11-01
两只老虎,爱情／动画／奇幻,2019-11-01
攀登者,爱情／动画／奇幻,2019-11-01
反贪风暴5,爱情／动画／奇幻,2019-11-01
星球大战：天行者崛起,爱情／动画／奇幻,2019-11-01
囧妈,爱情／动画／奇幻,2019-11-01
我不是药神,爱情／动画／奇幻,2019-11-01
宠爱,爱情／动画／奇幻,2019-11-01
速度与激情：增压,动作／短片,2015-06-25
银河补习班,动作／短片,2015-06-25
叶问4：完结篇,动作／短片,2015-06-25
寂静之地,动作／短片,2015-06-25
西虹市首富,动作／短片,2015-06-25
南方车站的聚会,动作／短片,2015-06-25
前任3：再见前任,动作／短片,2015-06-25
纽约唐人街碎尸案,剧情,1961
建国大业,剧情,1961
乘风破浪,剧情,1961
红海行动,动作／短片,2015-06-25
蜘蛛侠：英雄远征,动作／短片,2015-06-25
大赢家,动作／短片,2015-06-25
速度与激情7,剧情,1961
后来的我们,剧情,1961
寒战3,剧情,1961
命运之夜——天之杯II ：迷失之蝶,剧情,1961
一个叫欧维的男人决定去死,剧情,2015-12-13
飞驰人生,剧情,2015-12-13
追龙Ⅱ,剧情,2015-12-13
汉密尔顿,歌舞／历史,2020-07-03
盗梦空间,歌舞／历史,2020-07-03
战神诀,动作／短片,2015-06-25
泰迦奥特曼剧场版 新世代CLIMAX,动作／短片,2015-06-25
速度与激情8,动作／短片,2015-06-25
航海王：狂热行动,动作／短片,2015-06-25
哈利·波特与死亡圣器（下）,剧情,1961
哆啦A梦：大雄的新恐龙,剧情,1961
美国队长3,剧情,1961
奇门遁甲,剧情,1961
比悲伤更悲伤的故事,剧情,1961
冰雪奇缘,剧情,2015-12-13
你本应离开,剧情,2015-12-13
有一点动心,剧情,2015-12-13
女鬼桥,剧情,2015-12-13
下一任：前任,剧情,2015-12-13
美人鱼,喜剧／爱情／科幻,2016-02-08
千与千寻,喜剧／爱情／科幻,2016-02-08
灭狐行动,喜剧／爱情／科幻,2016-02-08
上海堡垒,喜剧／爱情／科幻,2016-02-08
小人物,歌舞／历史,2020-07-03
三方国界,歌舞／历史,2020-07-03
紫罗兰永恒花园,歌舞／历史,2020-07-03
老炮儿,歌舞／历史,2020-07-03
鼠胆英雄,喜剧／爱情,2019-08-02
绿皮书,喜剧／爱情,2019-08-02
使徒行者2：谍影行动,喜剧／爱情,2019-08-02
鬼灭之刃 兄妹的羁绊,动作／短片,2015-06-25
你的名字。,动作／短片,2015-06-25
新世纪福音战士新剧场版：终,动作／短片,2015-06-25
速度与激情：特别行动,动作／短片,2015-06-25
万达，残暴的催眠师,剧情,1961
变形金刚5：最后的骑士,剧情,1961
狮子王,剧情,1961
动物世界,剧情,1961
蜡笔小新：激战！涂鸦王国和约四位勇士,剧情,2015-12-13
半个喜剧,剧情,2015-12-13
误杀瞒天记,剧情,2015-12-13
疯狂动物城,剧情,2015-12-13
战狼三级班,喜剧／爱情／科幻,2016-02-08
小丑,喜剧／爱情／科幻,2016-02-08
紫罗兰永恒花园 外传：永远与自动手记人偶,喜剧／爱情／科幻,2016-02-08
泰坦尼克号,喜剧／爱情／科幻,2016-02-08
蜘蛛侠：英雄归来,歌舞／历史,2020-07-03
鬼片王之再现凶榜,歌舞／历史,2020-07-03
知晓天空之蓝的人啊,歌舞／历史,2020-07-03
名侦探柯南 十年后的陌生人,歌舞／历史,2020-07-03
无双,喜剧／爱情,2019-08-02
摔跤吧！爸爸,喜剧／爱情,2019-08-02
世界最大的影视城: 横店影视城,喜剧／爱情,2019-08-02
终结者：黑暗命运,喜剧／爱情,2019-08-02
与神同行：罪与罚,动作／短片,2015-06-25
大鱼海棠,动作／短片,2015-06-25
扫毒2天地对决,动作／短片,2015-06-25
老师·好,动作／短片,2015-06-25
我的爸爸是森林之王Ⅱ,剧情,1961
冰海陷落,剧情,1961
肖申克的救赎,剧情,1961
最好的我们,剧情,1961
悲伤逆流成河,剧情,2015-12-13
让子弹飞,剧情,2015-12-13
真·三国无双,剧情,2015-12-13
爵迹,奇幻／动作／冒险,2016-09-30
X战警：黑凤凰,奇幻／动作／冒险,2016-09-30
蝙蝠侠：黑暗骑士崛起,奇幻／动作／冒险,2016-09-30
毒液：致命守护者,喜剧／爱情／科幻,2016-02-08
泰迦奥特曼剧场版 新世代CLIMAX,喜剧／爱情／科幻,2016-02-08
复仇者联盟3：无限战争,喜剧／爱情／科幻,2016-02-08
名侦探柯南：绀青之拳,喜剧／爱情／科幻,2016-02-08
黑帮大佬和我的365日,喜剧／爱情／科幻,2016-02-08
当幸福来敲门,歌舞／历史,2020-07-03
霸王别姬,歌舞／历史,2020-07-03
绣春刀II：修罗战场,歌舞／历史,2020-07-03
速度与激情6,歌舞／历史,2020-07-03
角头2：王者再起,喜剧／爱情,2019-08-02
狐踪谍影,喜剧／爱情,2019-08-02
熊出没·变形记,喜剧／爱情,2019-08-02
钢铁侠4,喜剧／爱情,2019-08-02
大鱼海棠2,动作／短片,2015-06-25
明日战记,动作／短片,2015-06-25
光天化日,动作／短片,2015-06-25
烈火英雄,动作／短片,2015-06-25
反贪风暴4,动作／短片,2015-06-25
新喜剧之王,剧情,1961
狄仁杰之四大天王,剧情,1961
寻梦环游记,剧情,1961
阿凡达,剧情,1961
功夫,剧情,1961
“大”人物,剧情,2015-12-13
寻梦历险记,剧情,2015-12-13
狗十三,剧情,2015-12-13
海王,剧情,2015-12-13
风中有朵雨做的云,奇幻／动作／冒险,2016-09-30
复仇者联盟,奇幻／动作／冒险,2016-09-30
驯龙高手：归家,奇幻／动作／冒险,2016-09-30
反贪风暴3,奇幻／动作／冒险,2016-09-30
阿丽塔：战斗天使,奇幻／动作／冒险,2016-09-30
无名之辈,喜剧／爱情／科幻,2016-02-08
我的王牌老爸,喜剧／爱情／科幻,2016-02-08
未来的未来,喜剧／爱情／科幻,2016-02-08
被光抓走的人,喜剧／爱情／科幻,2016-02-08
侵入者,喜剧／爱情／科幻,2016-02-08
罗小黑战记,歌舞／历史,2020-07-03
侏罗纪世界2,歌舞／历史,2020-07-03
快把我哥带走,歌舞／历史,2020-07-03
姐姐,歌舞／历史,2020-07-03
惊悚,歌舞／历史,2020-07-03
追龙,喜剧／爱情,2019-08-02
寄生虫,喜剧／爱情,2019-08-02
解救吾先生,喜剧／爱情,2019-08-02
大黄蜂,喜剧／爱情,2019-08-02
智齿,喜剧／爱情,2019-08-02
熊出没·原始时代,动作／短片,2015-06-25
麦路人,动作／短片,2015-06-25
建军大业,动作／短片,2015-06-25
金刚狼3：殊死一战,剧情,1961
钢铁侠3,剧情,1961
湄公河行动,剧情,1961
芳华,剧情,1961
熊出没的开垦地,剧情,2015-12-13
扫毒,剧情,2015-12-13
儿童警察 电影版,剧情,2015-12-13
星球大战：最后的绝地武士,剧情,2015-12-13
移情大师,剧情,2015-12-13
惊奇队长,奇幻／动作／冒险,2016-09-30
星球大战：原力觉醒,奇幻／动作／冒险,2016-09-30
碟中谍6：全面瓦解,奇幻／动作／冒险,2016-09-30
星球大战,奇幻／动作／冒险,2016-09-30
长城,奇幻／动作／冒险,2016-09-30
变形金刚7,喜剧／爱情／科幻,2016-02-08
一出好戏,喜剧／爱情／科幻,2016-02-08
江湖儿女,喜剧／爱情／科幻,2016-02-08
小黄人大眼萌：神偷奶爸前传,喜剧／爱情／科幻,2016-02-08
鲁邦三世：The First,喜剧／爱情／科幻,2016-02-08
金刚：骷髅岛,歌舞／历史,2020-07-03
平原上的夏洛克,歌舞／历史,2020-07-03
蝙蝠侠大战超人：正义黎明,歌舞／历史,2020-07-03
大话西游之大圣娶亲,歌舞／历史,2020-07-03
大侦探皮卡丘,喜剧／爱情,2019-08-02
家有喜事2020,喜剧／爱情,2019-08-02
冰之下,喜剧／爱情,2019-08-02
大约在冬季,喜剧／爱情,2019-08-02
野性的呼唤,喜剧／爱情,2019-08-02
环太平洋：雷霆再起,剧情,1961
蝙蝠侠：黑暗骑士,剧情,2015-12-13
人再囧途之泰囧,剧情,2015-12-13
拆弹·专家,剧情,2015-12-13
我的爸爸是森林之王,剧情,2015-12-13
催眠·裁决,奇幻／动作／冒险,2016-09-30
决战中途岛,奇幻／动作／冒险,2016-09-30
头号玩家,奇幻／动作／冒险,2016-09-30
张三丰传奇之众妙之门,奇幻／动作／冒险,2016-09-30
唐山大地震,喜剧／爱情／科幻,2016-02-08
名侦探柯南特典：怪盗基德诞生的秘密,喜剧／爱情／科幻,2016-02-08
泰坦尼克号3D,喜剧／爱情／科幻,2016-02-08
路人女主的养成方法 剧场版,喜剧／爱情／科幻,2016-02-08
王牌特工：特工学院,歌舞／历史,2020-07-03
惊天营救,歌舞／历史,2020-07-03
盗爱空间之私人电影,歌舞／历史,2020-07-03
海上钢琴师,歌舞／历史,2020-07-03
天堂电影院,歌舞／历史,2020-07-03
驯龙高手3,喜剧／爱情,2019-08-02
盗墓笔记,喜剧／爱情,2019-08-02
加勒比海盗5：死无对证,喜剧／爱情,2019-08-02
第一滴血5：最后的血,剧情,2015-12-13
平凡老爸,剧情,2015-12-13
西游·降魔篇,奇幻／动作／冒险,2016-09-30
头文字D,奇幻／动作／冒险,2016-09-30
利刃出鞘,奇幻／动作／冒险,2016-09-30
小岛老师,奇幻／动作／冒险,2016-09-30
白蛇：缘起,喜剧／爱情／科幻,2016-02-08
羞羞的铁拳,喜剧／爱情／科幻,2016-02-08
沉睡魔咒2,喜剧／爱情／科幻,2016-02-08
捕风捉影,歌舞／历史,2020-07-03
变身特工,歌舞／历史,2020-07-03
疯狂的石头,喜剧／爱情,2019-08-02
封神传奇,喜剧／爱情,2019-08-02
哈利·波特禁忌之旅,喜剧／爱情,2019-08-02
妖猫传,喜剧／爱情,2019-08-02
血观音,奇幻／动作／冒险,2016-09-30
命运之夜——天之杯：恶兆之花,奇幻／动作／冒险,2016-09-30
与神同行2：因与缘,奇幻／动作／冒险,2016-09-30
美丽人生,奇幻／动作／冒险,2016-09-30
从你的全世界路过,奇幻／动作／冒险,2016-09-30
电影 Smile 光之美少女! 儿童图画书里的世界都不协调！,动画,2012-10-27
未来想象记,动画,2012-10-27
西游记女儿国,动画,2012-10-27
自杀小队,动画,2012-10-27
萌宠特工队,喜剧／爱情,2019-08-02
人间·喜剧,喜剧／爱情,2019-08-02
星球战纪之反抗,奇幻／动作／冒险,2016-09-30
扫毒3,奇幻／动作／冒险,2016-09-30
老千2：神之手,奇幻／动作／冒险,2016-09-30
末日崩塌,奇幻／动作／冒险,2016-09-30
只有芸知道,动画,2012-10-27
何以为家,动画,2012-10-27
杀破狼·贪狼,动画,2012-10-27
邪不压正,动画,2012-10-27
小花仙大电影：奇迹少女,动画／奇幻／歌舞,
怦然心动,动画／奇幻／歌舞,
名侦探柯南：零的执行人,动画／奇幻／歌舞,
狼回头,动画／奇幻／歌舞,
三十不惑,动画,2012-10-27
阿甘正传,动画,2012-10-27
复仇者联盟2：奥创纪元,动画,2012-10-27
京剧猫：霸王折,动画,2012-10-27
犯罪现场,动画,2012-10-27
变形金刚4：绝迹重生,动画／奇幻／歌舞,
速度与激情5,动画／奇幻／歌舞,
最伟大的美国恐怖片,动画／奇幻／歌舞,
小丑回魂2,动画／奇幻／歌舞,
暗战,动画／奇幻／歌舞,
龙猫,动画,2012-10-27
陷阱,动画,2012-10-27
情圣,动画,2012-10-27
熊出没之雪岭熊风,动画,2012-10-27
哥斯拉,动画／奇幻／歌舞,
精灵王座,动画／奇幻／歌舞,
美国队长2,动画／奇幻／歌舞,
野性的呼唤：育空的狗,动画／奇幻／歌舞,
纽约的一个雨天,动画／奇幻／歌舞,
无问西东,动画,2012-10-27
活着,动画,2012-10-27
加勒比海盗,动画,2012-10-27
午夜0时的吻,动画,2012-10-27
卢旺达饭店,动画,2012-10-27
我想吃掉你的胰脏,动画／奇幻／歌舞,
七月与安生,动画／奇幻／歌舞,
叶问3,动画／奇幻／歌舞,
乐高蜘蛛侠：缠人的毒液,动画／奇幻／歌舞,
春潮,动画／奇幻／歌舞,
蜘蛛侠：平行宇宙,动画,2012-10-27
我是哪吒,动画,2012-10-27
007：幽灵党,动画,2012-10-27
新乌龙院之笑闹江湖,动画,2012-10-27
儿童电影史话,动画,2012-10-27
饥饿站台,动画／奇幻／歌舞,
特警队,动画／奇幻／歌舞,
决杀危城,动画／奇幻／歌舞,
阿修罗,动画／奇幻／歌舞,
超凡蜘蛛侠2,动画／奇幻／歌舞,
僵尸世界大战,动画,2012-10-27
魁拔V,动画,2012-10-27
小花仙大电影：奇迹少女,动画,2012-10-27
勇敢者游戏2：再战巅峰,动画／奇幻／歌舞,
剧场版 咱们裸熊,动画／奇幻／歌舞,
奇异博士,动画／奇幻／歌舞,
开国大典,动画／奇幻／歌舞,
同人哆啦A梦：大雄的喜马拉雅行进记,动画／奇幻／歌舞,
猛禽小队和哈莉·奎茵,动画／奇幻／歌舞,
天气之子,爱情／动画／奇幻,2019-11-01
误杀,爱情／动画／奇幻,2019-11-01
唐人街探案2,爱情／动画／奇幻,2019-11-01
活着,爱情／动画／奇幻,2019-11-01
哪吒之魔童降世,爱情／动画／奇幻,2019-11-01
少年的你,爱情／动画／奇幻,2019-11-01
战狼2,爱情／动画／奇幻,2019-11-01
毒液2,爱情／动画／奇幻,2019-11-01
恐怖电影院2,爱情／动画／奇幻,2019-11-01
哥斯拉2：怪兽之王,爱情／动画／奇幻,2019-11-01
吹哨人,爱情／动画／奇幻,2019-11-01
复仇者联盟4：终局之战,爱情／动画／奇幻,2019-11-01
我和我的祖国,爱情／动画／奇幻,2019-11-01
野性的呼唤,爱情／动画／奇幻,2019-11-01
冰雪奇缘2,爱情／动画／奇幻,2019-11-01
流浪地球,爱情／动画／奇幻,2019-11-01
疯狂的外星人,爱情／动画／奇幻,2019-11-01
诛仙1,爱情／动画／奇幻,2019-11-01
最美逆行,爱情／动画／奇幻,2019-11-01
中国机长,爱情／动画／奇幻,2019-11-01
因爱而伟大,爱情／动画／奇幻,2019-11-01
数码宝贝大冒险：最后的进化·羁绊,爱情／动画／奇幻,2019-11-01
釜山行,爱情／动画／奇幻,2019-11-01
两只老虎,爱情／动画／奇幻,2019-11-01
攀登者,爱情／动画／奇幻,2019-11-01
反贪风暴5,爱情／动画／奇幻,2019-11-01
星球大战：天行者崛起,爱情／动画／奇幻,2019-11-01
囧妈,爱情／动画／奇幻,2019-11-01
我不是药神,爱情／动画／奇幻,2019-11-01
宠爱,爱情／动画／奇幻,2019-11-01
爵迹,奇幻／动作／冒险,2016-09-30
X战警：黑凤凰,奇幻／动作／冒险,2016-09-30
蝙蝠侠：黑暗骑士崛起,奇幻／动作／冒险,2016-09-30
风中有朵雨做的云,奇幻／动作／冒险,2016-09-30
复仇者联盟,奇幻／动作／冒险,2016-09-30
驯龙高手：归家,奇幻／动作／冒险,2016-09-30
反贪风暴3,奇幻／动作／冒险,2016-09-30
阿丽塔：战斗天使,奇幻／动作／冒险,2016-09-30
惊奇队长,奇幻／动作／冒险,2016-09-30
星球大战：原力觉醒,奇幻／动作／冒险,2016-09-30
速度与激情：增压,动作／短片,2015-06-25
银河补习班,动作／短片,2015-06-25
叶问4：完结篇,动作／短片,2015-06-25
碟中谍6：全面瓦解,奇幻／动作／冒险,2016-09-30
长城,奇幻／动作／冒险,2016-09-30
星球大战,奇幻／动作／冒险,2016-09-30
催眠·裁决,奇幻／动作／冒险,2016-09-30
纽约唐人街碎尸案,剧情,1961
建国大业,剧情,1961
一个叫欧维的男人决定去死,剧情,2015-12-13
飞驰人生,剧情,2015-12-13
追龙Ⅱ,剧情,2015-12-13
寂静之地,动作／短片,2015-06-25
西虹市首富,动作／短片,2015-06-25
南方车站的聚会,动作／短片,2015-06-25
前任3：再见前任,动作／短片,2015-06-25
红海行动,动作／短片,2015-06-25
美人鱼,喜剧／爱情／科幻,2016-02-08
千与千寻,喜剧／爱情／科幻,2016-02-08
灭狐行动,喜剧／爱情／科幻,2016-02-08
决战中途岛,奇幻／动作／冒险,2016-09-30
头号玩家,奇幻／动作／冒险,2016-09-30
张三丰传奇之众妙之门,奇幻／动作／冒险,2016-09-30
头文字D,奇幻／动作／冒险,2016-09-30
乘风破浪,剧情,1961
速度与激情7,剧情,1961
后来的我们,剧情,1961
寒战3,剧情,1961
命运之夜——天之杯II ：迷失之蝶,剧情,1961
冰雪奇缘,剧情,2015-12-13
你本应离开,剧情,2015-12-13
有一点动心,剧情,2015-12-13
女鬼桥,剧情,2015-12-13
汉密尔顿,歌舞／历史,2020-07-03
盗梦空间,歌舞／历史,2020-07-03
小人物,歌舞／历史,2020-07-03
蜘蛛侠：英雄远征,动作／短片,2015-06-25
大赢家,动作／短片,2015-06-25
战神诀,动作／短片,2015-06-25
泰迦奥特曼剧场版 新世代CLIMAX,动作／短片,2015-06-25
速度与激情8,动作／短片,2015-06-25
上海堡垒,喜剧／爱情／科幻,2016-02-08
战狼三级班,喜剧／爱情／科幻,2016-02-08
小丑,喜剧／爱情／科幻,2016-02-08
紫罗兰永恒花园 外传：永远与自动手记人偶,喜剧／爱情／科幻,2016-02-08
泰坦尼克号,喜剧／爱情／科幻,2016-02-08
利刃出鞘,奇幻／动作／冒险,2016-09-30
西游·降魔篇,奇幻／动作／冒险,2016-09-30
小岛老师,奇幻／动作／冒险,2016-09-30
与神同行2：因与缘,奇幻／动作／冒险,2016-09-30
血观音,奇幻／动作／冒险,2016-09-30
哈利·波特与死亡圣器（下）,剧情,1961
哆啦A梦：大雄的新恐龙,剧情,1961
美国队长3,剧情,1961
奇门遁甲,剧情,1961
比悲伤更悲伤的故事,剧情,1961
下一任：前任,剧情,2015-12-13
蜡笔小新：激战！涂鸦王国和约四位勇士,剧情,2015-12-13
半个喜剧,剧情,2015-12-13
误杀瞒天记,剧情,2015-12-13
三方国界,歌舞／历史,2020-07-03
紫罗兰永恒花园,歌舞／历史,2020-07-03
老炮儿,歌舞／历史,2020-07-03
蜘蛛侠：英雄归来,歌舞／历史,2020-07-03
鬼片王之再现凶榜,歌舞／历史,2020-07-03
航海王：狂热行动,动作／短片,2015-06-25
鬼灭之刃 兄妹的羁绊,动作／短片,2015-06-25
你的名字。,动作／短片,2015-06-25
新世纪福音战士新剧场版：终,动作／短片,2015-06-25
速度与激情：特别行动,动作／短片,2015-06-25
毒液：致命守护者,喜剧／爱情／科幻,2016-02-08
泰迦奥特曼剧场版 新世代CLIMAX,喜剧／爱情／科幻,2016-02-08
复仇者联盟3：无限战争,喜剧／爱情／科幻,2016-02-08
名侦探柯南：绀青之拳,喜剧／爱情／科幻,2016-02-08
命运之夜——天之杯：恶兆之花,奇幻／动作／冒险,2016-09-30
美丽人生,奇幻／动作／冒险,2016-09-30
从你的全世界路过,奇幻／动作／冒险,2016-09-30
星球战纪之反抗,奇幻／动作／冒险,2016-09-30
扫毒3,奇幻／动作／冒险,2016-09-30
鼠胆英雄,喜剧／爱情,2019-08-02
绿皮书,喜剧／爱情,2019-08-02
使徒行者2：谍影行动,喜剧／爱情,2019-08-02
万达，残暴的催眠师,剧情,1961
变形金刚5：最后的骑士,剧情,1961
狮子王,剧情,1961
动物世界,剧情,1961
疯狂动物城,剧情,2015-12-13
悲伤逆流成河,剧情,2015-12-13
让子弹飞,剧情,2015-12-13
真·三国无双,剧情,2015-12-13
知晓天空之蓝的人啊,歌舞／历史,2020-07-03
名侦探柯南 十年后的陌生人,歌舞／历史,2020-07-03
霸王别姬,歌舞／历史,2020-07-03
当幸福来敲门,歌舞／历史,2020-07-03
与神同行：罪与罚,动作／短片,2015-06-25
大鱼海棠,动作／短片,2015-06-25
扫毒2天地对决,动作／短片,2015-06-25
老师·好,动作／短片,2015-06-25
黑帮大佬和我的365日,喜剧／爱情／科幻,2016-02-08
无名之辈,喜剧／爱情／科幻,2016-02-08
我的王牌老爸,喜剧／爱情／科幻,2016-02-08
未来的未来,喜剧／爱情／科幻,2016-02-08
被光抓走的人,喜剧／爱情／科幻,2016-02-08
老千2：神之手,奇幻／动作／冒险,2016-09-30
末日崩塌,奇幻／动作／冒险,2016-09-30
无双,喜剧／爱情,2019-08-02
摔跤吧！爸爸,喜剧／爱情,2019-08-02
世界最大的影视城: 横店影视城,喜剧／爱情,2019-08-02
终结者：黑暗命运,喜剧／爱情,2019-08-02
我的爸爸是森林之王Ⅱ,剧情,1961
冰海陷落,剧情,1961
肖申克的救赎,剧情,1961
最好的我们,剧情,1961
新喜剧之王,剧情,1961
“大”人物,剧情,2015-12-13
寻梦历险记,剧情,2015-12-13
狗十三,剧情,2015-12-13
海王,剧情,2015-12-13
熊出没的开垦地,剧情,2015-12-13
绣春刀II：修罗战场,歌舞／历史,2020-07-03
速度与激情6,歌舞／历史,2020-07-03
罗小黑战记,歌舞／历史,2020-07-03
快把我哥带走,歌舞／历史,2020-07-03
侏罗纪世界2,歌舞／历史,2020-07-03
大鱼海棠2,动作／短片,2015-06-25
明日战记,动作／短片,2015-06-25
光天化日,动作／短片,2015-06-25
烈火英雄,动作／短片,2015-06-25
反贪风暴4,动作／短片,2015-06-25
侵入者,喜剧／爱情／科幻,2016-02-08
变形金刚7,喜剧／爱情／科幻,2016-02-08
一出好戏,喜剧／爱情／科幻,2016-02-08
江湖儿女,喜剧／爱情／科幻,2016-02-08
角头2：王者再起,喜剧／爱情,2019-08-02
狐踪谍影,喜剧／爱情,2019-08-02
熊出没·变形记,喜剧／爱情,2019-08-02
钢铁侠4,喜剧／爱情,2019-08-02
狄仁杰之四大天王,剧情,1961
寻梦环游记,剧情,1961
阿凡达,剧情,1961
功夫,剧情,1961
扫毒,剧情,2015-12-13
儿童警察 电影版,剧情,2015-12-13
星球大战：最后的绝地武士,剧情,2015-12-13
移情大师,剧情,2015-12-13
蝙蝠侠：黑暗骑士,剧情,2015-12-13
姐姐,歌舞／历史,2020-07-03
金刚：骷髅岛,歌舞／历史,2020-07-03
蝙蝠侠大战超人：正义黎明,歌舞／历史,2020-07-03
惊悚,歌舞／历史,2020-07-03
平原上的夏洛克,歌舞／历史,2020-07-03
电影 Smile 光之美少女! 儿童图画书里的世界都不协调！,动画,2012-10-27
西游记女儿国,动画,2012-10-27
未来想象记,动画,2012-10-27
熊出没·原始时代,动作／短片,2015-06-25
麦路人,动作／短片,2015-06-25
建军大业,动作／短片,2015-06-25
小黄人大眼萌：神偷奶爸前传,喜剧／爱情／科幻,2016-02-08
鲁邦三世：The First,喜剧／爱情／科幻,2016-02-08
唐山大地震,喜剧／爱情／科幻,2016-02-08
名侦探柯南特典：怪盗基德诞生的秘密,喜剧／爱情／科幻,2016-02-08
追龙,喜剧／爱情,2019-08-02
寄生虫,喜剧／爱情,2019-08-02
解救吾先生,喜剧／爱情,2019-08-02
大黄蜂,喜剧／爱情,2019-08-02
智齿,喜剧／爱情,2019-08-02
金刚狼3：殊死一战,剧情,1961
钢铁侠3,剧情,1961
湄公河行动,剧情,1961
芳华,剧情,1961
人再囧途之泰囧,剧情,2015-12-13
拆弹·专家,剧情,2015-12-13
我的爸爸是森林之王,剧情,2015-12-13
第一滴血5：最后的血,剧情,2015-12-13
大话西游之大圣娶亲,歌舞／历史,2020-07-03
王牌特工：特工学院,歌舞／历史,2020-07-03
惊天营救,歌舞／历史,2020-07-03
盗爱空间之私人电影,歌舞／历史,2020-07-03
自杀小队,动画,2012-10-27
只有芸知道,动画,2012-10-27
何以为家,动画,2012-10-27
杀破狼·贪狼,动画,2012-10-27
邪不压正,动画,2012-10-27
泰坦尼克号3D,喜剧／爱情／科幻,2016-02-08
路人女主的养成方法 剧场版,喜剧／爱情／科幻,2016-02-08
白蛇：缘起,喜剧／爱情／科幻,2016-02-08
羞羞的铁拳,喜剧／爱情／科幻,2016-02-08
沉睡魔咒2,喜剧／爱情／科幻,2016-02-08
大侦探皮卡丘,喜剧／爱情,2019-08-02
家有喜事2020,喜剧／爱情,2019-08-02
冰之下,喜剧／爱情,2019-08-02
大约在冬季,喜剧／爱情,2019-08-02
环太平洋：雷霆再起,剧情,1961
平凡老爸,剧情,2015-12-13
海上钢琴师,歌舞／历史,2020-07-03
天堂电影院,歌舞／历史,2020-07-03
捕风捉影,歌舞／历史,2020-07-03
变身特工,歌舞／历史,2020-07-03
三十不惑,动画,2012-10-27
阿甘正传,动画,2012-10-27
复仇者联盟2：奥创纪元,动画,2012-10-27
京剧猫：霸王折,动画,2012-10-27
野性的呼唤,喜剧／爱情,2019-08-02
驯龙高手3,喜剧／爱情,2019-08-02
盗墓笔记,喜剧／爱情,2019-08-02
加勒比海盗5：死无对证,喜剧／爱情,2019-08-02
怦然心动,剧情／喜剧／爱情,2010-07-26
密室逃生,剧情／喜剧／爱情,2010-07-26
名侦探柯南：零的执行人,剧情／喜剧／爱情,2010-07-26
犯罪现场,动画,2012-10-27
陷阱,动画,2012-10-27
龙猫,动画,2012-10-27
熊出没之雪岭熊风,动画,2012-10-27
情圣,动画,2012-10-27
疯狂的石头,喜剧／爱情,2019-08-02
封神传奇,喜剧／爱情,2019-08-02
哈利·波特禁忌之旅,喜剧／爱情,2019-08-02
妖猫传,喜剧／爱情,2019-08-02
狼回头,剧情／喜剧／爱情,2010-07-26
变形金刚4：绝迹重生,剧情／喜剧／爱情,2010-07-26
速度与激情5,剧情／喜剧／爱情,2010-07-26
小丑回魂2,剧情／喜剧／爱情,2010-07-26
无问西东,动画,2012-10-27
活着,动画,2012-10-27
午夜0时的吻,动画,2012-10-27
加勒比海盗,动画,2012-10-27
萌宠特工队,喜剧／爱情,2019-08-02
人间·喜剧,喜剧／爱情,2019-08-02
最伟大的美国恐怖片,剧情／喜剧／爱情,2010-07-26
暗战,剧情／喜剧／爱情,2010-07-26
哥斯拉,剧情／喜剧／爱情,2010-07-26
卢旺达饭店,动画,2012-10-27
蜘蛛侠：平行宇宙,动画,2012-10-27
我是哪吒,动画,2012-10-27
007：幽灵党,动画,2012-10-27
精灵王座,剧情／喜剧／爱情,2010-07-26
美国队长2,剧情／喜剧／爱情,2010-07-26
野性的呼唤：育空的狗,剧情／喜剧／爱情,2010-07-26
纽约的一个雨天,剧情／喜剧／爱情,2010-07-26
新乌龙院之笑闹江湖,动画,2012-10-27
儿童电影史话,动画,2012-10-27
僵尸世界大战,动画,2012-10-27
魁拔V,动画,2012-10-27
七月与安生,剧情／喜剧／爱情,2010-07-26
我想吃掉你的胰脏,剧情／喜剧／爱情,2010-07-26
叶问3,剧情／喜剧／爱情,2010-07-26
乐高蜘蛛侠：缠人的毒液,剧情／喜剧／爱情,2010-07-26
春潮,剧情／喜剧／爱情,2010-07-26
密室逃生,动画,2012-10-27
饥饿站台,剧情／喜剧／爱情,2010-07-26
特警队,剧情／喜剧／爱情,2010-07-26
阿修罗,剧情／喜剧／爱情,2010-07-26
决杀危城,剧情／喜剧／爱情,2010-07-26
超凡蜘蛛侠2,剧情／喜剧／爱情,2010-07-26
勇敢者游戏2：再战巅峰,剧情／喜剧／爱情,2010-07-26
剧场版 咱们裸熊,剧情／喜剧／爱情,2010-07-26
奇异博士,剧情／喜剧／爱情,2010-07-26
开国大典,剧情／喜剧／爱情,2010-07-26
大话西游之月光宝盒,剧情／喜剧／爱情,2010-07-26
猛禽小队和哈莉·奎茵,剧情／喜剧／爱情,2010-07-26
天气之子,爱情／动画／奇幻,2019-11-01
误杀,爱情／动画／奇幻,2019-11-01
唐人街探案2,爱情／动画／奇幻,2019-11-01
活着,爱情／动画／奇幻,2019-11-01
哪吒之魔童降世,爱情／动画／奇幻,2019-11-01
少年的你,爱情／动画／奇幻,2019-11-01
战狼2,爱情／动画／奇幻,2019-11-01
毒液2,爱情／动画／奇幻,2019-11-01
恐怖电影院2,爱情／动画／奇幻,2019-11-01
哥斯拉2：怪兽之王,爱情／动画／奇幻,2019-11-01
吹哨人,爱情／动画／奇幻,2019-11-01
复仇者联盟4：终局之战,爱情／动画／奇幻,2019-11-01
我和我的祖国,爱情／动画／奇幻,2019-11-01
野性的呼唤,爱情／动画／奇幻,2019-11-01
冰雪奇缘2,爱情／动画／奇幻,2019-11-01
流浪地球,爱情／动画／奇幻,2019-11-01
疯狂的外星人,爱情／动画／奇幻,2019-11-01
诛仙1,爱情／动画／奇幻,2019-11-01
最美逆行,爱情／动画／奇幻,2019-11-01
中国机长,爱情／动画／奇幻,2019-11-01
因爱而伟大,爱情／动画／奇幻,2019-11-01
数码宝贝大冒险：最后的进化·羁绊,爱情／动画／奇幻,2019-11-01
釜山行,爱情／动画／奇幻,2019-11-01
两只老虎,爱情／动画／奇幻,2019-11-01
攀登者,爱情／动画／奇幻,2019-11-01
反贪风暴5,爱情／动画／奇幻,2019-11-01
星球大战：天行者崛起,爱情／动画／奇幻,2019-11-01
囧妈,爱情／动画／奇幻,2019-11-01
我不是药神,爱情／动画／奇幻,2019-11-01
宠爱,爱情／动画／奇幻,2019-11-01
爵迹,奇幻／动作／冒险,2016-09-30
X战警：黑凤凰,奇幻／动作／冒险,2016-09-30
蝙蝠侠：黑暗骑士崛起,奇幻／动作／冒险,2016-09-30
美人鱼,喜剧／爱情／科幻,2016-02-08
千与千寻,喜剧／爱情／科幻,2016-02-08
灭狐行动,喜剧／爱情／科幻,2016-02-08
鼠胆英雄,喜剧／爱情,2019-08-02
使徒行者2：谍影行动,喜剧／爱情,2019-08-02
绿皮书,喜剧／爱情,2019-08-02
风中有朵雨做的云,奇幻／动作／冒险,2016-09-30
复仇者联盟,奇幻／动作／冒险,2016-09-30
驯龙高手：归家,奇幻／动作／冒险,2016-09-30
反贪风暴3,奇幻／动作／冒险,2016-09-30
上海堡垒,喜剧／爱情／科幻,2016-02-08
战狼三级班,喜剧／爱情／科幻,2016-02-08
小丑,喜剧／爱情／科幻,2016-02-08
紫罗兰永恒花园 外传：永远与自动手记人偶,喜剧／爱情／科幻,2016-02-08
无双,喜剧／爱情,2019-08-02
摔跤吧！爸爸,喜剧／爱情,2019-08-02
世界最大的影视城: 横店影视城,喜剧／爱情,2019-08-02
终结者：黑暗命运,喜剧／爱情,2019-08-02
角头2：王者再起,喜剧／爱情,2019-08-02
阿丽塔：战斗天使,奇幻／动作／冒险,2016-09-30
惊奇队长,奇幻／动作／冒险,2016-09-30
星球大战：原力觉醒,奇幻／动作／冒险,2016-09-30
碟中谍6：全面瓦解,奇幻／动作／冒险,2016-09-30
纽约唐人街碎尸案,剧情,1961
建国大业,剧情,1961
乘风破浪,剧情,1961
泰坦尼克号,喜剧／爱情／科幻,2016-02-08
毒液：致命守护者,喜剧／爱情／科幻,2016-02-08
泰迦奥特曼剧场版 新世代CLIMAX,喜剧／爱情／科幻,2016-02-08
复仇者联盟3：无限战争,喜剧／爱情／科幻,2016-02-08
名侦探柯南：绀青之拳,喜剧／爱情／科幻,2016-02-08
狐踪谍影,喜剧／爱情,2019-08-02
熊出没·变形记,喜剧／爱情,2019-08-02
钢铁侠4,喜剧／爱情,2019-08-02
追龙,喜剧／爱情,2019-08-02
长城,奇幻／动作／冒险,2016-09-30
星球大战,奇幻／动作／冒险,2016-09-30
催眠·裁决,奇幻／动作／冒险,2016-09-30
决战中途岛,奇幻／动作／冒险,2016-09-30
速度与激情7,剧情,1961
后来的我们,剧情,1961
寒战3,剧情,1961
命运之夜——天之杯II ：迷失之蝶,剧情,1961
哈利·波特与死亡圣器（下）,剧情,1961
黑帮大佬和我的365日,喜剧／爱情／科幻,2016-02-08
无名之辈,喜剧／爱情／科幻,2016-02-08
我的王牌老爸,喜剧／爱情／科幻,2016-02-08
未来的未来,喜剧／爱情／科幻,2016-02-08
速度与激情：增压,动作／短片,2015-06-25
银河补习班,动作／短片,2015-06-25
叶问4：完结篇,动作／短片,2015-06-25
寄生虫,喜剧／爱情,2019-08-02
解救吾先生,喜剧／爱情,2019-08-02
大黄蜂,喜剧／爱情,2019-08-02
智齿,喜剧／爱情,2019-08-02
汉密尔顿,歌舞／历史,2020-07-03
盗梦空间,歌舞／历史,2020-07-03
小人物,歌舞／历史,2020-07-03
头号玩家,奇幻／动作／冒险,2016-09-30
张三丰传奇之众妙之门,奇幻／动作／冒险,2016-09-30
头文字D,奇幻／动作／冒险,2016-09-30
利刃出鞘,奇幻／动作／冒险,2016-09-30
西游·降魔篇,奇幻／动作／冒险,2016-09-30
一个叫欧维的男人决定去死,剧情,2015-12-13
飞驰人生,剧情,2015-12-13
追龙Ⅱ,剧情,2015-12-13
哆啦A梦：大雄的新恐龙,剧情,1961
美国队长3,剧情,1961
奇门遁甲,剧情,1961
被光抓走的人,喜剧／爱情／科幻,2016-02-08
侵入者,喜剧／爱情／科幻,2016-02-08
变形金刚7,喜剧／爱情／科幻,2016-02-08
一出好戏,喜剧／爱情／科幻,2016-02-08
寂静之地,动作／短片,2015-06-25
西虹市首富,动作／短片,2015-06-25
南方车站的聚会,动作／短片,2015-06-25
前任3：再见前任,动作／短片,2015-06-25
红海行动,动作／短片,2015-06-25
大侦探皮卡丘,喜剧／爱情,2019-08-02
家有喜事2020,喜剧／爱情,2019-08-02
冰之下,喜剧／爱情,2019-08-02
大约在冬季,喜剧／爱情,2019-08-02
三方国界,歌舞／历史,2020-07-03
紫罗兰永恒花园,歌舞／历史,2020-07-03
老炮儿,歌舞／历史,2020-07-03
蜘蛛侠：英雄归来,歌舞／历史,2020-07-03
小岛老师,奇幻／动作／冒险,2016-09-30
与神同行2：因与缘,奇幻／动作／冒险,2016-09-30
血观音,奇幻／动作／冒险,2016-09-30
命运之夜——天之杯：恶兆之花,奇幻／动作／冒险,2016-09-30
冰雪奇缘,剧情,2015-12-13
你本应离开,剧情,2015-12-13
有一点动心,剧情,2015-12-13
女鬼桥,剧情,2015-12-13
下一任：前任,剧情,2015-12-13
比悲伤更悲伤的故事,剧情,1961
万达，残暴的催眠师,剧情,1961
变形金刚5：最后的骑士,剧情,1961
狮子王,剧情,1961
江湖儿女,喜剧／爱情／科幻,2016-02-08
小黄人大眼萌：神偷奶爸前传,喜剧／爱情／科幻,2016-02-08
鲁邦三世：The First,喜剧／爱情／科幻,2016-02-08
唐山大地震,喜剧／爱情／科幻,2016-02-08
蜘蛛侠：英雄远征,动作／短片,2015-06-25
大赢家,动作／短片,2015-06-25
战神诀,动作／短片,2015-06-25
泰迦奥特曼剧场版 新世代CLIMAX,动作／短片,2015-06-25
速度与激情8,动作／短片,2015-06-25
野性的呼唤,喜剧／爱情,2019-08-02
驯龙高手3,喜剧／爱情,2019-08-02
盗墓笔记,喜剧／爱情,2019-08-02
加勒比海盗5：死无对证,喜剧／爱情,2019-08-02
鬼片王之再现凶榜,歌舞／历史,2020-07-03
知晓天空之蓝的人啊,歌舞／历史,2020-07-03
名侦探柯南 十年后的陌生人,歌舞／历史,2020-07-03
霸王别姬,歌舞／历史,2020-07-03
当幸福来敲门,歌舞／历史,2020-07-03
美丽人生,奇幻／动作／冒险,2016-09-30
从你的全世界路过,奇幻／动作／冒险,2016-09-30
星球战纪之反抗,奇幻／动作／冒险,2016-09-30
扫毒3,奇幻／动作／冒险,2016-09-30
老千2：神之手,奇幻／动作／冒险,2016-09-30
蜡笔小新：激战！涂鸦王国和约四位勇士,剧情,2015-12-13
半个喜剧,剧情,2015-12-13
误杀瞒天记,剧情,2015-12-13
疯狂动物城,剧情,2015-12-13
动物世界,剧情,1961
我的爸爸是森林之王Ⅱ,剧情,1961
冰海陷落,剧情,1961
肖申克的救赎,剧情,1961
名侦探柯南特典：怪盗基德诞生的秘密,喜剧／爱情／科幻,2016-02-08
泰坦尼克号3D,喜剧／爱情／科幻,2016-02-08
路人女主的养成方法 剧场版,喜剧／爱情／科幻,2016-02-08
白蛇：缘起,喜剧／爱情／科幻,2016-02-08
羞羞的铁拳,喜剧／爱情／科幻,2016-02-08
航海王：狂热行动,动作／短片,2015-06-25
鬼灭之刃 兄妹的羁绊,动作／短片,2015-06-25
你的名字。,动作／短片,2015-06-25
新世纪福音战士新剧场版：终,动作／短片,2015-06-25
疯狂的石头,喜剧／爱情,2019-08-02
封神传奇,喜剧／爱情,2019-08-02
哈利·波特禁忌之旅,喜剧／爱情,2019-08-02
妖猫传,喜剧／爱情,2019-08-02
萌宠特工队,喜剧／爱情,2019-08-02
绣春刀II：修罗战场,歌舞／历史,2020-07-03
速度与激情6,歌舞／历史,2020-07-03
罗小黑战记,歌舞／历史,2020-07-03
快把我哥带走,歌舞／历史,2020-07-03
侏罗纪世界2,歌舞／历史,2020-07-03
末日崩塌,奇幻／动作／冒险,2016-09-30
悲伤逆流成河,剧情,2015-12-13
让子弹飞,剧情,2015-12-13
真·三国无双,剧情,2015-12-13
“大”人物,剧情,2015-12-13
最好的我们,剧情,1961
新喜剧之王,剧情,1961
狄仁杰之四大天王,剧情,1961
寻梦环游记,剧情,1961
阿凡达,剧情,1961
沉睡魔咒2,喜剧／爱情／科幻,2016-02-08
速度与激情：特别行动,动作／短片,2015-06-25
与神同行：罪与罚,动作／短片,2015-06-25
大鱼海棠,动作／短片,2015-06-25
扫毒2天地对决,动作／短片,2015-06-25
人间·喜剧,喜剧／爱情,2019-08-02
姐姐,歌舞／历史,2020-07-03
金刚：骷髅岛,歌舞／历史,2020-07-03
蝙蝠侠大战超人：正义黎明,歌舞／历史,2020-07-03
惊悚,歌舞／历史,2020-07-03
平原上的夏洛克,歌舞／历史,2020-07-03
寻梦历险记,剧情,2015-12-13
狗十三,剧情,2015-12-13
海王,剧情,2015-12-13
熊出没的开垦地,剧情,2015-12-13
功夫,剧情,1961
金刚狼3：殊死一战,剧情,1961
钢铁侠3,剧情,1961
湄公河行动,剧情,1961
老师·好,动作／短片,2015-06-25
大鱼海棠2,动作／短片,2015-06-25
明日战记,动作／短片,2015-06-25
光天化日,动作／短片,2015-06-25
烈火英雄,动作／短片,2015-06-25
电影 Smile 光之美少女! 儿童图画书里的世界都不协调！,动画,2012-10-27
未来想象记,动画,2012-10-27
西游记女儿国,动画,2012-10-27
大话西游之大圣娶亲,歌舞／历史,2020-07-03
王牌特工：特工学院,歌舞／历史,2020-07-03
惊天营救,歌舞／历史,2020-07-03
盗爱空间之私人电影,歌舞／历史,2020-07-03
扫毒,剧情,2015-12-13
儿童警察 电影版,剧情,2015-12-13
星球大战：最后的绝地武士,剧情,2015-12-13
移情大师,剧情,2015-12-13
芳华,剧情,1961
环太平洋：雷霆再起,剧情,1961
反贪风暴4,动作／短片,2015-06-25
熊出没·原始时代,动作／短片,2015-06-25
麦路人,动作／短片,2015-06-25
建军大业,动作／短片,2015-06-25
自杀小队,动画,2012-10-27
只有芸知道,动画,2012-10-27
何以为家,动画,2012-10-27
海上钢琴师,歌舞／历史,2020-07-03
天堂电影院,歌舞／历史,2020-07-03
怦然心动,剧情／喜剧／爱情,2010-07-26
密室逃生,剧情／喜剧／爱情,2010-07-26
名侦探柯南：零的执行人,剧情／喜剧／爱情,2010-07-26
蝙蝠侠：黑暗骑士,剧情,2015-12-13
人再囧途之泰囧,剧情,2015-12-13
拆弹·专家,剧情,2015-12-13
我的爸爸是森林之王,剧情,2015-12-13
杀破狼·贪狼,动画,2012-10-27
邪不压正,动画,2012-10-27
三十不惑,动画,2012-10-27
阿甘正传,动画,2012-10-27
捕风捉影,歌舞／历史,2020-07-03
变身特工,歌舞／历史,2020-07-03
狼回头,剧情／喜剧／爱情,2010-07-26
变形金刚4：绝迹重生,剧情／喜剧／爱情,2010-07-26
速度与激情5,剧情／喜剧／爱情,2010-07-26
小丑回魂2,剧情／喜剧／爱情,2010-07-26
最伟大的美国恐怖片,剧情／喜剧／爱情,2010-07-26
第一滴血5：最后的血,剧情,2015-12-13
平凡老爸,剧情,2015-12-13
复仇者联盟2：奥创纪元,动画,2012-10-27
京剧猫：霸王折,动画,2012-10-27
犯罪现场,动画,2012-10-27
龙猫,动画,2012-10-27
陷阱,动画,2012-10-27
暗战,剧情／喜剧／爱情,2010-07-26
哥斯拉,剧情／喜剧／爱情,2010-07-26
精灵王座,剧情／喜剧／爱情,2010-07-26
美国队长2,剧情／喜剧／爱情,2010-07-26
情圣,动画,2012-10-27
熊出没之雪岭熊风,动画,2012-10-27
无问西东,动画,2012-10-27
活着,动画,2012-10-27
野性的呼唤：育空的狗,剧情／喜剧／爱情,2010-07-26
纽约的一个雨天,剧情／喜剧／爱情,2010-07-26
七月与安生,剧情／喜剧／爱情,2010-07-26
我想吃掉你的胰脏,剧情／喜剧／爱情,2010-07-26
叶问3,剧情／喜剧／爱情,2010-07-26
加勒比海盗,动画,2012-10-27
午夜0时的吻,动画,2012-10-27
卢旺达饭店,动画,2012-10-27
蜘蛛侠：平行宇宙,动画,2012-10-27
乐高蜘蛛侠：缠人的毒液,剧情／喜剧／爱情,2010-07-26
春潮,剧情／喜剧／爱情,2010-07-26
饥饿站台,剧情／喜剧／爱情,2010-07-26
特警队,剧情／喜剧／爱情,2010-07-26
我是哪吒,动画,2012-10-27
007：幽灵党,动画,2012-10-27
新乌龙院之笑闹江湖,动画,2012-10-27
儿童电影史话,动画,2012-10-27
僵尸世界大战,动画,2012-10-27
阿修罗,剧情／喜剧／爱情,2010-07-26
决杀危城,剧情／喜剧／爱情,2010-07-26
超凡蜘蛛侠2,剧情／喜剧／爱情,2010-07-26
勇敢者游戏2：再战巅峰,剧情／喜剧／爱情,2010-07-26
剧场版 咱们裸熊,剧情／喜剧／爱情,2010-07-26
魁拔V,动画,2012-10-27
小花仙大电影：奇迹少女,动画,2012-10-27
奇异博士,剧情／喜剧／爱情,2010-07-26
开国大典,剧情／喜剧／爱情,2010-07-26
大话西游之月光宝盒,剧情／喜剧／爱情,2010-07-26
猛禽小队和哈莉·奎茵,剧情／喜剧／爱情,2010-07-26
